{
  "total_tests": 934,
  "passed_tests": 538,
  "failed_tests": 396,
  "compliance_percentage": 57.601713062098504,
  "timestamp": "2026-01-26T14:52:24.990491"
}