{
  "sprint": "SP-105",
  "baseline": 545,
  "target": 600,
  "achieved": 545,
  "total": 934,
  "percentage": 58.35117773019272,
  "improvement": 0,
  "target_achieved": false,
  "timestamp": "2026-01-26T15:34:02.065713"
}